videoId,publishedTime,durationSec,viewCount,likeCount,dislikeCount,commentCount
O5X3bnTI1Go,17-05-2020 12:00,235,320360,13976,25966,3175
bTPt1voMr8g,17-05-2020 09:07,189,277845,33600,1645,3313
#NAME?,17-05-2020 10:39,376,62515,2334,373,291
g4Xa7WwOFw0,17-05-2020 05:30,140,117328,6043,604,685
tXIHXccXcCg,16-05-2020 08:31,20,996968,50636,2307,2712
IQdXudfGq6U,16-05-2020 15:00,234,169983,4182,839,736
6srsdkSZlbU,16-05-2020 12:03,277,164096,3950,668,780
Pof8ML2CJV4,15-05-2020 11:00,1367,557365,31298,2012,2689
OvpM2OMz53Y,14-05-2020 06:31,206,327618,12757,2062,1523
Nw5pqstBc8w,14-05-2020 14:00,354,178777,4111,897,876
Pe3OD9bL9K8,14-05-2020 10:58,278,57025,833,383,241
9A9ECVN1mRY,15-05-2020 05:30,281,282699,6919,889,894
Pc5E85h1NcM,13-05-2020 14:58,252,132267,2925,732,842
EHj51Hun6sY,13-05-2020 11:30,293,207857,5239,638,822
jH4_GTRUC14,12-05-2020 11:00,297,157488,2701,266,332
mS9J-a5W1Xc,12-05-2020 14:11,247,280877,6126,889,1203
u7hfwX81bY4,12-05-2020 06:03,344,235048,5620,518,1303
cS5O8wrRPns,11-05-2020 13:16,320,334714,6720,866,1267
T_NtMcaCEYE,11-05-2020 05:33,203,18184693,408026,28779,16037
CNZMIhckaA0,10-05-2020 07:05,375,287777,5803,685,1062
ORRArCuMWcI,09-05-2020 14:18,280,184415,2842,905,930
z1_YqTE0y0Y,09-05-2020 05:30,132,983149,50045,2149,2580
qNq3e-BS8WE,09-05-2020 09:54,270,57082,972,367,406
zNhrZgTgukM,09-05-2020 11:46,188,401909,17791,1634,1698
xMint7BOpJc,13-05-2020 05:30,244,309441,15803,951,1396
4AYaACtQplA,08-05-2020 10:39,303,176369,3790,755,1022
5v6I0AHPhM8,08-05-2020 13:33,261,316513,6051,1417,1040
Rgn2FvSIXsI,08-05-2020 05:31,25,1314819,38757,4589,2089
PoEcAL4doNE,07-05-2020 14:15,335,38892,520,619,467
lqmpzlvmPWY,07-05-2020 09:15,336,249871,5856,956,1336
PonZnw2nrCc,07-05-2020 06:07,289,212659,3758,731,942
j3Pj7OFq2rA,05-05-2020 14:12,321,372648,12754,1280,1194
_bT3FsN-zwA,05-05-2020 11:30,198,440233,12099,1394,1038
fjsw93axkpw,06-05-2020 11:34,495,316861,8386,799,1346
MkzrFztgYLw,06-05-2020 06:00,233,218796,4299,733,884
tJ1JRXVhe6c,05-05-2020 08:30,308,111702,2195,427,333
eN31tKAH2aw,05-05-2020 05:31,602,1280373,32043,3221,3558
Mi9aM2HaY3I,04-05-2020 05:45,263,10039596,156542,14518,24355
fqhuilZn8XA,05-05-2020 12:30,614,38716,1121,323,272
AjPfYrTzZco,06-05-2020 12:30,438,80900,3329,780,659
GHFc9DxGj-Q,04-05-2020 13:04,530,158741,5169,1285,1199
rHcuTD181EM,03-05-2020 09:30,320,252907,7743,958,1397
VbiVF3_XU6E,03-05-2020 12:30,301,330769,11671,1047,1521
aPHsp9X2mBE,04-05-2020 10:30,264,248014,4854,653,1207
bQNmdF2okG4,03-05-2020 05:30,253,914552,43106,13396,4075
8jzL0-6H3WA,02-05-2020 10:33,1381,403903,13282,737,1247
yQfvVMGtIbk,01-05-2020 13:20,1611,607736,40098,783,2815
SOCk52DLSAU,02-05-2020 06:31,234,6434342,226016,10617,8024
LtuLFqRBytg,01-05-2020 14:00,229,114235,1726,601,462
2DAP3svHl04,01-05-2020 10:17,352,201545,3804,561,501
Pw7FCMrA-iI,01-05-2020 06:07,252,357774,11546,1131,1080
LPdP3PY4EUU,30-04-2020 11:30,324,307897,7990,1037,1007
zRuW0tlCQOg,30-04-2020 10:30,393,31671,355,255,119
4uRmaOdvZVk,27-04-2020 13:24,353,86603,1021,335,361
b_sCZbYyuO4,27-04-2020 15:01,297,292489,4651,661,624
miAwePWyV78,29-04-2020 12:30,332,311225,4847,1119,809
jMf0aLkxhr8,27-04-2020 09:30,414,110949,2373,509,723
oAIdRdT1-iw,28-04-2020 05:30,253,16333326,397032,14621,8834
H39werth1qs,26-04-2020 06:35,302,713709,16403,1101,797
RzgezQh6900,26-04-2020 13:32,289,72223,970,614,459
VV7zQP705EI,26-04-2020 09:30,286,283805,8318,942,969
bBj4GW1yIUg,25-04-2020 16:06,352,161193,3055,535,551
mQ1iIFuaOR8,24-04-2020 14:25,326,164083,3352,730,522
yqGzu8fOlus,25-04-2020 11:45,815,202824,7298,950,752
sJPkM45yf54,24-04-2020 11:30,626,267848,10117,939,993
DTAnH0AFPAo,24-04-2020 05:32,682,373405,33309,711,1694
uJEOjol9e1I,24-04-2020 06:02,142,318074,25687,1221,1953
aLpJiSDxJls,23-04-2020 06:31,34,269418,14886,596,999
BuZsBw4Wcdg,22-04-2020 10:52,211,612461,23159,1607,1810
Ed9lJhknEQU,29-04-2020 05:38,491,124117,3126,488,649
pnmT_kQ5-68,29-04-2020 11:30,685,134183,2868,506,676
rmVdVJZBaHE,28-04-2020 11:30,755,129828,3765,518,738
TmEw5fpKK58,27-04-2020 05:30,512,133223,3726,529,537
Cb6wuzOurPc,24-04-2020 09:30,340,138797,3166,237,414
1yf6htijDfM,28-04-2020 14:32,832,172770,6986,713,1323
P8ovs8Nf-j0,26-04-2020 11:30,958,166888,6875,506,792
F1wMY1AeTO4,24-04-2020 02:30,201,200797,6790,518,778
UXZIUaaARIo,27-04-2020 07:15,173,190832,4095,5849,756
C3OzDiHXOhU,23-04-2020 09:36,177,152825,3408,518,467
lyu8v_uHclU,22-04-2020 14:47,189,440461,9105,2388,1256
E7LG5ZgGIxM,25-04-2020 05:31,215,9630242,134648,17633,9728
x0HzGDBR88g,21-04-2020 12:39,294,192343,3783,1039,882
REHvIC0qHD8,21-04-2020 08:07,97,216243,9844,694,1045
rTYlc-YVVgc,21-04-2020 07:15,366,325274,8681,916,1120
hCsY8T0uBGA,22-04-2020 06:54,313,387238,8624,691,1120
fFRW8Fcl7HI,26-04-2020 05:30,543,146191,5741,432,939
HYDsbDiOxpA,23-04-2020 13:30,766,70133,3231,453,568
tgdpGCyyVEs,25-04-2020 08:41,980,135788,4683,438,647
igHo90Hv6Lk,27-04-2020 12:30,586,147773,5391,463,618
_03kGEd5nOo,20-04-2020 05:32,235,30522808,942562,214040,100808
dD1tY0zhd2o,23-04-2020 10:32,863,237642,9495,944,1105
3p4MeH2gCvw,18-04-2020 17:08,156,991595,108945,2059,5389
c_CIqCRJoc0,20-04-2020 10:53,206,215310,4203,1408,1490
QHeLR7Z2xmM,18-04-2020 12:43,282,355489,6003,1189,620
kE0vJ04jql0,19-04-2020 07:54,242,249043,4420,2010,1305
LxMflwcBDK4,18-04-2020 11:01,27,1291417,66933,27333,11105
bMsx5uYtq8c,17-04-2020 13:19,330,32353,657,663,457
chNpkNQpiI0,18-04-2020 07:01,411,207602,4023,616,822
YnpJXfcSzOM,16-04-2020 06:33,190,4552418,,,932
AWsXI_zJpLw,16-04-2020 10:00,241,156207,3508,629,668
PNFwltTSLfs,17-04-2020 07:12,181,294049,6598,911,1253
wc8h0MfIX6w,16-04-2020 14:02,255,308632,6502,1118,1024
fbZpz9KbiAY,14-04-2020 10:00,188,27378658,1101120,81784,102947
yidaL9xDlk8,14-04-2020 07:27,287,298341,7585,806,1085
W5HAtRwy94I,15-04-2020 09:29,215,289756,5629,915,1075
nrZGQEnOGog,13-04-2020 12:00,225,153391,2959,535,582
g3tpw8OulMk,13-04-2020 14:00,291,381115,8827,1381,1235
lcQ3U5bEaPc,13-04-2020 13:30,344,53571,1203,411,205
vhXJM7_dBTY,12-04-2020 13:30,252,241001,4837,888,762
Xyhfk-leRYk,13-04-2020 05:30,205,2260696,19764,2336,1386
kvBDSquAyu4,12-04-2020 08:00,279,496770,10323,904,1173
ojmvUqgCwGw,12-04-2020 11:42,272,1145852,18947,1510,1454
REBdR7Mjne4,11-04-2020 10:53,19,3030403,138427,6501,7948
PRsKXb4e_Bo,11-04-2020 12:28,1009,5828690,40774,3880,5761
gzHy-AJFB-k,10-04-2020 13:00,207,226023,4455,1165,885
i9WEjQPZ34c,10-04-2020 07:14,305,648457,14600,1580,2108
pXZFuJKhBKA,09-04-2020 08:18,334,192343,4112,738,944
hQ6E1TkfzKA,08-04-2020 05:30,193,35863719,,,26970
JhHRnBc1ViU,07-04-2020 11:30,312,105524,1259,479,331
AX7t8ZwroHQ,07-04-2020 13:30,237,862123,31186,1268,2073
ybVXoZsegiY,07-04-2020 08:00,206,504321,14215,2200,936
-4RRc3J89XU,07-04-2020 06:30,16,2912483,82556,6976,3470
JuECmX5XSHs,06-04-2020 12:39,290,241365,6425,970,1093
AHKxmjwakb8,09-04-2020 12:30,282,217907,4879,1101,1032
lL0ULDPCqIA,06-04-2020 06:47,423,283280,6100,674,997
np5bNTK37Ic,05-04-2020 07:07,289,322062,9921,807,1229
XJZ5Co_K6-E,05-04-2020 12:42,266,741013,14371,1527,1351
l2nwRelRGak,04-04-2020 10:02,132,161651,2337,495,266
poYtscS7bto,04-04-2020 13:02,271,246537,4947,939,775
GeiBOC1Wc5U,04-04-2020 09:30,256,240218,5284,526,553
AgdhiCNqwEI,04-04-2020 06:30,1568,388657,11436,589,869
M05ozQabLtU,03-04-2020 11:30,219,247229,5586,899,938
mXhYUmv1yZg,03-04-2020 06:39,268,140149,2968,469,479
wbGQRPpzo64,02-04-2020 07:45,217,413541,9242,767,1038
5g0RsS_KgvU,02-04-2020 13:00,277,392107,7647,1174,758
peCqwDFgMYk,01-04-2020 08:30,241,170812,4324,619,596
SvVVVNovwj0,01-04-2020 11:30,217,323728,8291,1255,998
0NhiNqI0SFs,31-03-2020 05:32,283,64642653,1106361,72220,52650
EQa54Z5-C9E,30-03-2020 13:04,327,543790,9579,1368,1158
ZI9aVy7OL6k,30-03-2020 11:30,281,439070,7606,1272,647
#NAME?,29-03-2020 08:30,336,417578,9573,1012,1267
uWynm807UTk,28-03-2020 08:30,332,65738,813,477,261
F9Aha2-uTso,28-03-2020 11:30,323,374001,10475,1081,1096
zjuG4n78SJk,30-03-2020 05:31,189,4121119,76859,4681,7518
I13AUHYgvsM,28-03-2020 05:35,20,583177,13602,1568,791
VcMyjaVW1rQ,26-03-2020 12:48,342,512596,18695,1080,1638
qtRzUdBwM5E,25-03-2020 14:07,189,271053,6165,641,664
zTik-Lrq0FU,26-03-2020 05:33,230,1896662,54184,2858,3023
ZubgBFpUy58,25-03-2020 05:40,208,5660314,67898,7223,2502
0TwvGedEeEk,24-03-2020 10:30,350,508633,9070,1405,977
LgGOzR7y8KA,24-03-2020 07:03,196,1983087,46594,2910,1078
VUZFWBHOjWM,31-03-2020 12:40,290,441091,9583,1360,1152
msgwTJn0Udo,25-03-2020 11:30,340,406814,10562,955,931
wkMveopTfD8,29-03-2020 06:30,248,399451,10171,896,1136
7Rh3IceAMdI,27-03-2020 06:00,346,415252,9925,947,801
Ps-J0qGqg6Y,23-03-2020 08:39,329,920731,23694,1899,1649
OQk0VrL2I-w,20-03-2020 09:28,111,340884,21508,828,1366
p3eQ4g5i0o8,20-03-2020 11:00,203,1061585,33437,5271,1041
XXAn0AHYzUQ,19-03-2020 13:30,1851,510267,10190,1039,820
GyUTUtJJwbA,21-03-2020 05:30,237,1125265,30109,2490,2202
pw8f0PvBMB0,19-03-2020 10:30,211,451454,9914,814,721
EYlu0qrsDEg,27-03-2020 11:30,2285,254907,6412,1406,871
vzC_IYxEwAY,16-03-2020 13:34,298,527943,13825,1004,952
ijpu5Pw_e7I,18-03-2020 05:30,318,800222,15758,1376,1121
T8qZ-t6c49w,17-03-2020 10:30,170,10730279,79323,7140,2363
lMqUu2szLr8,17-03-2020 08:00,252,7340690,78226,3760,2020
oWC2D19gFz8,17-03-2020 05:54,167,1179508,15833,1657,955
m9tnUEFLzQs,16-03-2020 09:30,155,7880389,55458,6525,1699
OgpRminfnRA,16-03-2020 06:36,199,6192362,71845,5100,2665
Qbrzvs_aaAY,15-03-2020 06:30,190,1533875,25068,1533,1322
Qqc4eu2iXv8,13-03-2020 13:48,1810,410147,7803,815,779
PqMwTTrp7sw,14-03-2020 06:30,312,439864,13604,709,730
F7nZu6sM_1A,13-03-2020 09:30,336,449322,7172,445,329
mDeemxYFZvM,14-03-2020 10:33,298,530657,7106,746,540
PZWCGKkD-PY,20-03-2020 12:30,193,188966,2318,766,502
4j3Lox9iYzc,15-03-2020 08:30,228,378251,5486,1093,863
hhkbRdIo5zY,14-03-2020 08:30,285,625086,10695,839,736
M2p3o4pbaBw,12-03-2020 11:30,249,141881,2701,400,329
z7zI_mmIepY,12-03-2020 13:30,326,1651376,20808,772,1076
Twyd-0zLcgs,12-03-2020 13:00,409,350801,4083,379,249
ZRSI5yiUi3k,12-03-2020 12:15,390,265389,5934,526,528
sla7G5RUwZo,11-03-2020 06:30,151,8677084,113282,6523,4227
KkO_vVaaCIA,10-03-2020 07:56,147,288515,4738,836,512
miALiNbU0wY,09-03-2020 06:00,300,52364479,1132444,324383,130152
ScM5DMTCRh0,10-03-2020 04:21,2353,2171650,26339,2257,1234
Zu4DEf3hTSw,12-03-2020 06:30,193,1076796,11293,863,772
Lk0JI5V4c7g,07-03-2020 13:04,282,320636,3868,361,212
3HtSmdgJdJk,07-03-2020 13:04,300,763431,11543,1057,701
Vzcg2X5Vk2A,07-03-2020 10:43,1275,648725,9395,650,806
pH9M3z_4udM,13-03-2020 08:30,172,175402,3327,362,395
ysB7bH6xUBg,07-03-2020 12:47,171,381880,6290,457,328
ye2drKLBKv0,07-03-2020 12:46,163,425682,3762,636,195
Z6_jjxZDGV0,07-03-2020 12:00,1632,318399,8418,701,599
tTylXchRBMU,08-03-2020 03:32,212,24973462,9700,3464,3889
9T6DqlmIV5c,07-03-2020 05:32,126,7093595,131571,4311,2836
M68ZdMuQNIk,07-03-2020 09:30,154,807185,12643,656,506
Mm61s_GzerM,06-03-2020 12:30,184,1869750,32726,1180,1395
f6hjwNV6DTc,06-03-2020 10:08,198,2034723,21153,1867,1311
tHtXGKklyaw,06-03-2020 06:30,319,162556,2668,239,323
Jnye8mR6ay8,05-03-2020 12:07,181,7144790,71961,9545,3378
SSORa7YdR7s,05-03-2020 11:15,161,1199421,15695,940,752
0oZw0vHpYqc,05-03-2020 07:48,162,338470,7166,619,662
_ybTzGoNRjw,04-03-2020 10:30,133,2082786,38453,1812,1225
mX5WV60DSPk,03-03-2020 12:32,180,1510444,21835,1727,1024
oSpMspvMkSQ,04-03-2020 06:30,183,19055595,209014,8415,9349
njcxsTCSOqQ,13-03-2020 05:31,185,34826589,530285,40516,18267
MiCjwOGxuOU,02-03-2020 12:31,133,2270768,53185,1534,1735
Zw4F2yNpoTg,02-03-2020 12:40,25,1682915,5219,632,454
7FouEfgMLjk,02-03-2020 10:19,181,175353,4164,363,465
MkzaOttzq-Q,02-03-2020 11:14,131,8045715,166286,11493,7443
QeLoW2ySlbc,03-03-2020 05:30,220,109170849,2226338,174382,210408
Ho_PJ7lXz4A,01-03-2020 10:21,403,2063658,36642,1576,1748
noLRGKL-d7U,01-03-2020 12:30,188,934530,19746,1551,1051
fADiXnnX_3o,29-02-2020 13:33,159,227757,2435,614,443
QcoovnTTDjI,29-02-2020 13:24,171,358410,7579,608,605
A3i0pxSAsTk,01-03-2020 06:30,206,193188,4551,376,446
C68hOojkX5M,29-02-2020 11:30,370,622739,10579,849,612
kpIGZGu30ws,29-02-2020 08:14,300,192656,2458,338,269
KPrV5h7S5zU,29-02-2020 07:12,304,290987,4703,403,421
N33qrZIoVKk,29-02-2020 05:49,859,72468,952,304,229
BdfgsWmceWM,28-02-2020 13:15,101,586637,11598,900,662
5dyVUGpBwTY,29-02-2020 07:13,230,98933,1262,263,209
hxAI8RCzMxc,28-02-2020 09:32,23,4813343,231716,8855,20790
ks6OwHSIIbI,28-02-2020 11:30,394,17711282,149780,9177,2805
edZZ_7xrwIc,27-02-2020 12:01,21,216908,3684,615,490
_-iirCDwleQ,27-02-2020 09:32,152,227769,4816,257,240
mOEL8Q-2bSo,27-02-2020 10:30,190,1724947,21358,559,828
PHskP9wglJ8,27-02-2020 07:34,137,35286458,435848,128717,32514
_rI6CKCH6tg,26-02-2020 14:45,45,95942,1934,411,294
wv3ey06h_qk,26-02-2020 13:00,179,1240154,20051,1510,866
iL4RAYScqrQ,26-02-2020 11:48,217,430783,8544,593,538
NEHhHj4hgyc,26-02-2020 14:17,134,3210357,53396,2791,1878
FoartCzKXew,25-02-2020 06:31,236,2118326,45899,1965,1752
dIL3dHNoG1E,24-02-2020 14:00,200,138615,2061,476,508
S58ODGnDv4k,25-02-2020 07:30,169,109514,2250,280,275
lFhoOleFv2g,25-02-2020 08:00,163,239677,4524,453,370
ya1EzxnyZcg,25-02-2020 08:15,186,346187,6494,279,468
75xKVU9wTT4,25-02-2020 08:30,202,269636,3416,686,550
cFpayuC3DPg,24-02-2020 12:30,309,572803,7954,341,557
zaPpbkg9bbA,24-02-2020 11:06,115,924818,17071,767,576
5MRVqw2RavQ,24-02-2020 11:32,21,70795,1898,159,200
gdripZn1heA,24-02-2020 03:26,60,1464330,57634,2363,2180
dm58Suwf9Bc,21-02-2020 11:30,1179,151774,2415,683,619
Eijc6mAUKtM,21-02-2020 11:00,108,444408,20804,905,996
6DKfFdXmxw0,21-02-2020 09:01,149,147274,3375,418,312
bviq6R3zOzg,21-02-2020 09:30,85,98719,1197,258,129
wNFULWXDXxg,24-02-2020 10:01,165,215294,4012,474,393
ReBLjyzncrs,20-02-2020 12:26,22,37772,566,100,69
mIWpsOjQNDw,21-02-2020 06:30,220,13367271,124897,9216,3414
I5TJ1jsqLSM,21-02-2020 09:30,188,3628645,38121,2479,1087
61fnZ1_UmxQ,20-02-2020 11:30,307,6253231,61506,1881,1289
HQbGyKQsl4c,22-02-2020 05:30,330,168499,3519,591,491
Sbof1KQMwKU,20-02-2020 13:30,298,918015,11826,455,544
Zq-40MKuIjg,22-02-2020 08:30,232,1419607,77925,3140,2176
#NAME?,20-02-2020 12:32,171,142159,4330,232,330
05DrDxjMEbU,20-02-2020 05:31,149,22322567,186728,9010,6731
ySgdrYATaQY,20-02-2020 08:30,254,1354227,22696,1577,1027
ozUfUFQ6vxA,19-02-2020 09:31,105,9618893,84361,7728,2460
xeqJU7PLseg,19-02-2020 06:47,147,49671788,510362,55679,15764
qQ7BiAQTZqc,18-02-2020 12:01,107,188965,3884,582,482
Jo3ivkmacPg,17-02-2020 11:33,293,3210035,33382,1474,818
6rgOUZK7v0Q,17-02-2020 10:30,100,155415,3227,406,289
qDt7eMhuNvc,17-02-2020 07:00,31,411836,9079,503,630
JJzIDDo1Rq4,20-02-2020 10:31,16,243604,4329,396,366
zO4V7oesCH8,15-02-2020 12:17,107,504247,13078,797,741
kBN-mGphCSE,17-02-2020 09:30,61,183475,4639,375,430
Y-M7FWuxadI,16-02-2020 10:30,163,392743,8945,844,638
FW_3b5iPhIE,18-02-2020 05:32,268,89576749,972902,49888,70160
6ZQPYMT3KUg,15-02-2020 11:30,195,1016492,13332,1454,592
hJBHSmyqv0Y,15-02-2020 09:35,300,13777943,83609,3134,1689
KBIq11mNB0I,15-02-2020 13:30,287,37888202,254975,11297,4638
0vUjurMCTUU,15-02-2020 05:33,30,831872,30787,1433,1342
dTDeUgpAmgU,14-02-2020 14:02,116,933940,31384,1323,1262
ZLe5ECcpU4s,14-02-2020 12:43,133,142730,3474,202,232
Qdsws6_VmsA,14-02-2020 11:29,2373,391045,11527,517,648
_iPPtPlt-w8,15-02-2020 06:30,277,6230769,34390,4437,996
z5A_FkPKdu4,24-02-2020 08:30,231,25878615,373620,15145,8472
74x75tl23r8,13-02-2020 12:06,2804,1008205,11980,930,935
mLthx9hSFg8,14-02-2020 12:30,210,3766243,31764,1988,829
7eO_rHsATLg,14-02-2020 05:30,151,2468670,31821,851,704
lgYmJYdKK4U,14-02-2020 06:48,65,1110238,31671,1831,665
PHZuDEGxNnk,13-02-2020 09:31,129,545611,13257,443,603
1mVc07qyyYY,13-02-2020 06:30,193,293011,3516,345,275
HUYTgaowDY8,13-02-2020 11:39,2873,399711,9838,501,567
PDw3PCVq5vw,12-02-2020 09:33,147,403050,10325,367,450
vjOKuvBjkS8,12-02-2020 06:33,139,72794575,949707,131892,44301
5AlljkjyywM,11-02-2020 12:11,300,213824,2515,181,215
q9x5aIMi56o,14-02-2020 07:30,326,90234,1705,146,216
G9W2mRd0ENQ,13-02-2020 05:30,347,1181514,12866,499,521
34Emh4alSQg,11-02-2020 06:00,296,21842255,476280,13257,16248
YysFgoGIMkY,10-02-2020 13:10,278,22644234,168356,12359,3429
xxhXFm-bGy0,11-02-2020 11:30,195,5728320,40319,2897,1025
IvJllZGvPNs,11-02-2020 10:30,195,4509611,42452,1970,656
9gu2aJ-KrQI,10-02-2020 11:01,161,20166433,193178,12726,5473
SN958msmXeI,10-02-2020 07:46,111,125150288,859957,124384,27652
RiNlevLAdu8,12-02-2020 11:30,259,292761,6062,429,358
P8zqDpOwCAk,10-02-2020 08:31,306,1986473,20415,842,641
RIGtJjRQhCA,10-02-2020 05:50,20,839793,14872,1254,443
bdYLoQbyeGA,08-02-2020 12:30,140,310227,4067,600,435
1GidIk9DHOs,07-02-2020 14:06,270,353080,3786,414,415
eUG-jbqPM1o,07-02-2020 13:59,337,174559,1555,191,151
7DoyVYfu0hg,07-02-2020 13:54,242,132180,1400,111,127
4l72CAVGQz0,07-02-2020 13:50,189,223294,2294,166,164
SM9HTs8Fx-Y,16-02-2020 09:35,21,124486,2164,240,346
Phhqx-f2ZVw,15-02-2020 10:33,21,250185,4508,394,368
FNfd5QOKRdo,14-02-2020 10:31,31,179104,4052,277,348
RHDUEkqKDhg,13-02-2020 10:34,31,308984,5322,395,480
7fmtKgy5hh8,12-02-2020 12:35,31,330866,8855,693,840
3yAOigVKkko,17-02-2020 13:32,16,110191,1617,375,288
icH1SyiTk94,08-02-2020 06:30,177,68102981,362461,37177,9089
f_4hbHk6eAw,12-02-2020 10:00,207,1620622,14644,1133,469
cNLxxhTB5gs,07-02-2020 13:30,221,145617,1127,102,125
IE8OD5FbU-c,07-02-2020 06:30,278,85446212,448695,51393,7298
L9pTBouRz68,07-02-2020 08:30,204,83299096,452671,34489,8842
zN6MKPqHrmw,09-02-2020 12:30,290,1000408,8964,968,576
LbmDMxIK4OU,13-02-2020 08:30,350,146361,2498,216,244
arMgnyQTlH0,09-02-2020 11:30,163,272790,5239,607,555
VnZs1kOIA1w,09-02-2020 06:30,171,216177,4227,505,493
B304LQa-FCg,08-02-2020 11:30,166,261687,4352,713,445
#NAME?,07-02-2020 13:05,200,359146,6914,567,367
xoUpBUb6hsg,07-02-2020 11:33,272,600456,7150,538,487
hPus2JeA8Bc,07-02-2020 13:43,147,57832,1249,92,139
1QXyLrKnQrg,07-02-2020 13:15,216,396002,3554,232,273
DtOtjfctxO8,07-02-2020 13:38,166,72417,1172,97,92
wu3Y3qCs_mU,06-02-2020 08:30,282,1157239,28438,860,1255
uDOznzf4LQQ,12-02-2020 11:34,21,345188,7334,232,316
StjtmxZItas,11-02-2020 08:43,16,382269,10080,383,482
IisaxpTXW-s,09-02-2020 09:32,16,495802,11153,452,448
Yv1Hg-2VnMw,08-02-2020 09:31,21,204877,3403,178,132
dZ3MWuke7ps,07-02-2020 09:40,31,879556,20061,401,549
UmA2hNVS9e4,06-02-2020 11:48,31,389438,8085,270,328
km7GmW2C7JU,05-02-2020 11:31,141,8633064,87897,5839,3424
erCHgiDPq8U,06-02-2020 11:30,1456,1395188,27002,994,1437
uL7K6iVct-Q,05-02-2020 06:37,239,6412030,44704,3135,817
HbJKvLdPGrs,04-02-2020 13:02,31,303182,6533,240,287
duSPa7DgKv0,05-02-2020 07:51,129,205881,3822,167,163
GOkJguI8kYc,05-02-2020 08:31,218,159347402,895945,85869,15189
l75z7FrYRXI,06-02-2020 06:33,183,115851800,593857,88734,9802
3mBpgxzAn6E,04-02-2020 13:20,262,8679603,79669,3519,1558
Powg9XIWNpU,06-02-2020 10:30,317,1444908,17216,478,446
CYuX6cVJZJc,07-02-2020 12:30,220,1314983,8904,745,289
EQOnA8zqxgU,04-02-2020 11:07,138,410856,8432,431,505
5LBB6OV3Ano,04-02-2020 05:34,126,26462839,437887,10241,8181
nI9_SlYLvFE,04-02-2020 12:30,179,413300,7578,572,587
Y-xMUa9e2Ig,03-02-2020 10:22,209,655581,11180,595,760
Y8ETNh_IQjs,05-02-2020 13:30,318,11134365,66161,2941,1367
fqlB7j91cRA,08-02-2020 08:30,165,512012,6016,480,318
E7Yx6LLI2bM,03-02-2020 12:24,183,13131870,69356,10059,1609
p-BEAbwJt3I,08-02-2020 04:30,191,51138,717,150,155
cd-ozdPSAIA,03-02-2020 07:01,184,37469404,334703,27261,9978
008igxtMe-s,01-02-2020 10:31,118,13811222,218748,15779,5938
gLAyYLdZCWc,01-02-2020 06:30,147,1114327,21605,1346,788
9Pr6LwQkrQI,31-01-2020 09:30,182,31356345,150244,18180,2675
Tk8jYyEv-_c,31-01-2020 10:55,841,2118551,48262,3600,990
uWBD5ie68do,31-01-2020 13:15,191,7598335,52583,7853,1558
jBw_Eta0HDM,31-01-2020 06:34,175,24458305,673201,52786,38982
uKfghod8uOI,30-01-2020 11:36,139,2103639,57121,2205,1946
TTFSTXN42uE,01-02-2020 08:29,31,257690,5700,321,264
STRdrqGWsYU,30-01-2020 06:30,55,3647796,37152,1451,2023
tx0pM_ILHLI,29-01-2020 10:30,291,5886787,85773,3312,1617
Ve2a1zWbf88,29-01-2020 11:30,105,523612,10290,801,878
vhErOKIjzQg,29-01-2020 06:00,146,35318248,390537,34137,13525
zxY-Gn2xW-Q,30-01-2020 10:41,31,631651,16883,452,646
fz_yMN4nSPY,28-01-2020 11:01,96,3688490,96387,2903,2032
G2YkCf5OKh4,06-02-2020 13:30,201,323369,6500,817,557
YD0kXCBIvm0,07-02-2020 04:30,187,93449,1069,193,176
iTc2pgUzs48,28-01-2020 08:03,177,20434774,257822,9297,4766
YbFA6hhD6W0,27-01-2020 11:32,175,15992649,310491,26492,10467
44-47qIMRUc,27-01-2020 11:06,31,979769,22424,626,650
prwY2wiraOI,25-01-2020 15:51,26,2546639,57875,2915,1872
dNm_14FA4lI,25-01-2020 15:13,142,292306,7481,434,262
QDurIsjPn4I,24-01-2020 14:16,122,1110205,17271,858,519
ummGYA6gWME,25-01-2020 06:20,128,13397697,418563,15444,11024
M7feTXGPmV0,24-01-2020 11:31,86,334243,7220,299,237
FTGrwuEUdg4,23-01-2020 14:34,119,1103599,21190,856,589
vRud4CmNt3Y,27-01-2020 05:31,132,26422685,222736,14201,8162
7B0wQahfNBc,25-01-2020 08:30,16,365097,8065,569,475
Odud9FxdL6g,24-01-2020 10:31,21,280406,6469,289,215
eZ747IaP1Nk,23-01-2020 14:45,31,640933,16681,842,729
yevOB_7AiA4,24-01-2020 07:21,341,1621763,12218,718,378
zrfn9yEJBqw,24-01-2020 09:30,252,768557,6370,459,306
d4EWhSD11Dg,06-02-2020 12:49,288,546160,4641,289,245
Msv8D6HZJ7U,25-01-2020 07:15,305,5982304,38941,1824,992
G09QiTx-6yo,23-01-2020 12:30,184,250690,5213,557,513
a7KbFj6dw6w,22-01-2020 14:00,30,142928,2807,342,328
6nIcjua7YSo,23-01-2020 06:30,186,33270552,365498,14548,6841
OJt3StcJ68g,22-01-2020 07:05,14,1316334,23045,1010,699
S9_7BKR6jLY,21-01-2020 11:30,300,2841530,107579,5360,3406
CFsvLuSv85U,22-01-2020 13:32,83,782544,14090,609,473
45lj-bGVOHE,21-01-2020 05:35,73,2934936,74694,3502,3063
r6r8UYU7Zcs,20-01-2020 08:03,161,55339584,716789,52735,33525
zQYjjd6-5dQ,22-01-2020 11:31,31,590604,15788,552,591
l7F0tdmlXtA,21-01-2020 10:30,31,905541,16658,733,622
nhsN7rwVzIc,18-01-2020 11:32,97,318231,6943,504,382
KPE8yQ-7cdw,18-01-2020 10:46,60,150879,3074,292,258
i_NmPv5WQ0U,19-01-2020 06:30,358,19665893,146759,6000,3332
H-4YzsM00t0,17-01-2020 09:03,231,329387,6328,461,536
kaF_Bq_34IQ,18-01-2020 12:30,183,4662870,26386,2637,917
fudjt7iGCmU,17-01-2020 13:37,177,459957,4574,474,348
g_byWYXBaw0,18-01-2020 05:41,222,32214900,122512,25707,2469
YETdM2gmQQQ,19-01-2020 08:30,234,31785069,147691,22757,3637
NR9UpHGqgW4,18-01-2020 07:30,457,54021,840,123,154
IUPUWcN2YWY,22-01-2020 07:35,229,5199444,43345,2284,1501
ppBT5y9Axow,18-01-2020 08:30,286,7508044,91301,2855,1662
OgCVBmIlIro,16-01-2020 05:31,180,70720201,616692,23356,13896
#NAME?,15-01-2020 12:33,180,268761,4150,601,444
v2tXijdT56o,15-01-2020 06:40,150,77261958,819558,78471,33686
cfuoBvOnbk8,17-01-2020 11:35,40,416442,10981,1278,594
4F4x3nIn-RM,16-01-2020 11:30,40,486158,13849,1100,619
PaETcGaXg1Y,15-01-2020 11:40,25,1344771,42089,1118,1319
gzNfO0OJruc,14-01-2020 14:04,167,174760,1242,480,312
W4S4yHNVStQ,14-01-2020 14:02,167,137508,916,228,75
m_KUiBpukaA,14-01-2020 13:59,174,67417,540,122,61
1JUSgp0DVIo,14-01-2020 13:45,181,57536,553,93,104
s6ktAQFOrio,14-01-2020 13:35,212,58319,625,86,86
OoyW_MK0eVE,14-01-2020 11:56,1542,64135,885,113,180
EW8bTYOIByo,14-01-2020 13:19,113,148173,2055,241,163
p8zBwrDlU_Q,14-01-2020 13:30,1301,120887,1174,165,169
HZZ20MH0M-w,14-01-2020 08:12,119,712075,10085,773,482
NPro9DvQmlo,14-01-2020 04:30,11,464744,6338,309,263
C5Eb8nNcA_s,14-01-2020 08:05,315,6659900,55137,3252,2155
MVvVoePB0W4,13-01-2020 11:30,267,8926353,66305,7328,1817
8_o-r7R8e4s,13-01-2020 09:46,371,749312,7069,529,365
log4q-LPFOI,13-01-2020 07:30,31,366547,7190,423,399
ihqu66piyrQ,13-01-2020 05:30,343,921960,25055,764,880
AW8g7DOxfRg,10-01-2020 14:44,60,48883,845,430,324
v4xsFzCNJ2U,12-01-2020 06:30,308,1057957,12471,1117,830
dwCPr57pYz0,12-01-2020 11:36,23,859043,11494,1415,744
7k_EW3skxzM,11-01-2020 05:38,233,34937384,567424,49531,17514
TRHPdHCPOQc,14-01-2020 05:31,188,3092558,41687,2959,1310
QBEKDQprQ9U,10-01-2020 12:32,30,146087,2864,282,214
Wa2IsKZQtMc,10-01-2020 08:27,20,1249022,43021,2066,1330
HpllM4uVG4c,10-01-2020 06:31,188,59527014,740127,27679,16955
8SpanMFoix4,16-01-2020 09:30,31,663908,19149,600,663
QsKB-oWRZ8M,13-01-2020 12:30,31,1663479,29688,1032,723
qh8luTcNKfQ,10-01-2020 09:31,31,3902165,66276,1596,956
_ofMd7RHKXY,17-01-2020 09:30,21,1612114,27432,877,678
ZVoZWp-bhmI,09-01-2020 08:30,145,36423211,574430,20549,20056
28AQHMpZjmA,09-01-2020 06:30,21,1404284,45819,930,1366
E-gmnQuV6_Y,09-01-2020 03:30,304,5815678,43604,3268,1510
FTT2l9DCDyo,10-01-2020 11:31,58,650216,35004,1530,1024
7_OHMsg8VhQ,08-01-2020 07:30,265,2553169,23748,2083,857
S_gMjP0Rv1Q,07-01-2020 09:08,324,1056260,23782,673,810
gZBxpYXShGI,08-01-2020 13:37,235,615962,7981,441,681
TtjflM-NJ9Y,08-01-2020 08:30,988,457286,4166,510,336
s1n6oea7U9Q,07-01-2020 06:15,72,168984,4599,151,176
jKQ6rjVZPPc,07-01-2020 07:00,202,8247147,61383,3956,995
MU-uE1BlAzo,07-01-2020 04:30,247,465414,4524,675,260
ZcNrkfwS3z0,07-01-2020 03:00,185,473437,8768,627,475
1ybYGBkZ3kM,08-01-2020 08:15,196,466195,7900,680,514
ZdmjLJVry2U,09-01-2020 13:30,212,437971,8593,730,669
dF35SgpuL80,06-01-2020 06:26,60,284617,5091,291,310
sft5baUuzQs,06-01-2020 08:23,166,45437392,751205,55199,35454
jsjvJ_z9Y30,05-01-2020 12:43,58,93566,3022,299,362
SxM82P_Wspo,05-01-2020 10:45,61,228667,4721,369,412
xJFmiEu2iOA,04-01-2020 11:11,317,458449,8031,1003,361
OhExmrJu884,04-01-2020 08:34,247,340090,8289,530,429
jWpGP8_aAVk,07-01-2020 03:30,223,4951356,27579,4424,714
trlCaSOPTeA,05-01-2020 11:30,171,2543579,23174,1456,796
KM4Q0H3UTfc,05-01-2020 08:30,239,10496654,120885,5755,4285
cH0adpc21vU,04-01-2020 07:32,16,285607,3577,286,212
P5NhRT1zpSU,08-01-2020 11:30,194,28438359,157967,20249,3189
zjMtaw2mrrc,04-01-2020 09:34,148,268621986,2047766,204736,19991
LFFW3en2NUM,07-01-2020 09:32,174,13108595,124152,6524,1707
JaZHlJPC1KM,03-01-2020 13:04,31,97635,1625,446,297
L2DHPr-8tVE,06-01-2020 05:37,312,6050728,116836,2320,2905
PKSU0CGhGac,03-01-2020 09:05,242,8494587,81843,8171,2436
D6AZzOIO7wE,03-01-2020 13:00,282,12703217,80310,9647,2169
33kMv2VsD2c,03-01-2020 11:00,246,5417131,46097,2712,1210
YVLJ0JlexU0,03-01-2020 05:00,16,211709,3819,293,221
BlkYx1h1e9g,05-01-2020 09:30,259,294962,4434,358,497
wXmW9M1coCk,07-01-2020 02:30,283,916123,10435,508,588
L-A7_-UMuIc,03-01-2020 11:04,143,275325,2545,398,197
CMetINkfrwY,02-01-2020 05:39,31,568944,15564,641,648
PZswBmFBRSo,01-01-2020 09:30,16,622877,8448,908,717
5y7PfK1Fxfs,31-12-2019 09:30,16,202132,4641,342,258
nNCWKja8oxw,31-12-2019 02:30,2834,19002481,151030,12806,2656
SM3n7pgdieg,30-12-2019 14:30,61,104282,1431,450,331
OIsxwJ-sXgU,30-12-2019 14:00,170,3550085,78616,6768,2250
WPZnwvAECsA,30-12-2019 13:00,31,216551,4540,266,348
MQG985KoFy0,02-01-2020 07:31,151,5542204,70777,4453,2595
cudWzBsPMiQ,31-12-2019 05:30,203,7843991,56779,4140,1182
8BjH4vIPurI,31-12-2019 11:30,318,730994,14553,1275,923
JQPAgNXcQak,02-01-2020 12:19,284,1102539,13177,1621,887
j802y_M5WPg,31-12-2019 09:30,286,1082511,24498,1126,734
qzw3VaFDzKs,30-12-2019 13:30,245,3635970,18638,3582,612
3hQPVWlX2VA,30-12-2019 12:30,2250,964162,9683,1078,382
VFFtClgYr6o,28-12-2019 13:30,83,999749,18205,1269,704
M7Pl4wYOjYw,28-12-2019 17:30,195,10503617,153952,4964,5779
FIXztXp7zYk,30-12-2019 09:00,176,10996404,134593,5473,1920
Gb7m7EKh-9o,27-12-2019 14:48,60,7268776,115180,6388,2271
GX3A8l-vy2s,29-12-2019 09:30,11,555069,6636,1061,609
SEsX6j8-__U,29-12-2019 06:30,11,352763,5543,526,348
Cnq_jtWJ4W4,28-12-2019 09:30,16,1159404,10602,829,442
nu0q9zIBgpg,28-12-2019 06:30,16,426725,7103,491,387
dJF8caYPTGM,27-12-2019 11:30,31,322402,7494,500,407
fSwFYEBg1NI,27-12-2019 09:30,31,1087893,12418,841,532
uvQ6On4rZpU,25-12-2019 11:30,187,4189374,82027,2281,1372
qj6_em9CmvI,25-12-2019 09:30,21,2148094,47150,1939,1378
q_0uF80IZXM,26-12-2019 05:35,160,230692125,1870801,235470,66172
3qKi29UR2g4,24-12-2019 05:45,214,31744585,226927,12511,11287
R55li-IO_DA,23-12-2019 11:34,61,85795,1103,126,130
sfpc9uU5lbk,24-12-2019 11:30,31,1283602,28867,1543,947
_PBc8dJBlho,23-12-2019 10:37,31,1924429,58231,1641,1144
3zje42TKHRg,28-12-2019 10:30,31,463496,10256,648,369
xSxFtzgJOrA,23-12-2019 12:28,208,1748150,36098,1363,837
E1zaIHtaj9g,30-12-2019 07:47,200,448182,11718,542,687
vRpEW9YpYxE,23-12-2019 08:07,165,69978515,707207,130030,30886
My4VK8iI900,25-12-2019 13:30,234,4002487,51900,1780,1342
UyNEMDE4-io,30-12-2019 06:50,283,1390802,27997,873,1166
PW201K26m2Q,25-12-2019 09:30,145,2811597,24530,1396,447
gujOAQLBM8s,30-12-2019 10:30,299,12785738,159452,4754,2694
NEBs_nzLsQs,25-12-2019 11:30,263,2207969,36141,1119,955
Ex8FOlH5l4s,22-12-2019 07:31,16,677319,16820,2218,975
zFfQoYT4sbU,21-12-2019 14:42,11,1718987,20524,1268,797
vrrwMo5AcZY,22-12-2019 05:30,231,3189067,26178,2552,1194
N82agIyObkA,23-12-2019 13:31,11,1255073,10160,893,284
OtN2pzKE2cs,25-12-2019 05:32,16,660407,11107,602,519
IFt0_UPpDJQ,22-12-2019 10:30,16,1670288,14242,1500,531
lAzPtyogwyY,23-12-2019 09:31,31,734867,15278,634,488
SQ5sW71uPSw,23-12-2019 12:47,238,178201,2715,257,260
pvrz6dRjqDw,25-12-2019 06:30,272,7350731,46760,3956,1719
WsDESnhLsec,23-12-2019 14:30,224,1399056,26477,1335,1223
IVMquMDUQZY,21-12-2019 05:30,171,275986020,2420437,173860,59420
TPr6I75kHa4,20-12-2019 10:10,61,427531,15024,921,669
RZFlsGTz7tY,20-12-2019 07:38,91,3311624,51020,3322,1569
BVgsL4UnjZ4,19-12-2019 12:34,61,213225,4638,613,405
OXAqzCu1iHM,20-12-2019 06:00,211,10285988,441380,13503,12756
fhx9i2vR60I,19-12-2019 06:01,91,5379668,131976,5074,4888
1wmnRbVFYHo,18-12-2019 12:02,31,258406,5720,504,346
5JmaHz1xeOw,21-12-2019 13:16,266,3771090,34868,1967,1142
K_Fx7d8zfcE,18-12-2019 13:04,198,347958,8326,364,385
2Ym7LJv6L_c,18-12-2019 07:32,173,68830351,980987,94483,35744
wplnSnIBOYc,17-12-2019 06:31,165,107446939,644662,58864,15785
K8drpdw4joE,17-12-2019 14:21,247,1017151,20453,2345,1300
1BJ58tdqx6Q,19-12-2019 12:00,302,2397356,40244,1144,944
6oRSN0EKPh4,16-12-2019 12:00,177,45137869,308906,17662,19692
82tFh_-6T0I,14-12-2019 10:43,60,377625,5431,1163,753
dej3wX0s_Ws,13-12-2019 13:13,221,64667,769,142,85
v2VaGsauTu8,13-12-2019 13:14,298,788278,10934,405,419
w56qJzz2vV8,13-12-2019 13:15,221,163028,2488,547,383
JFc7sOGYlwY,14-12-2019 07:30,147,2461208,56265,1420,1433
N7s9GHEO70o,16-12-2019 07:33,254,2039068,21879,1457,722
T__o-XfodY8,13-12-2019 12:35,1683,82386,1090,136,164
UXb1ATstfpk,13-12-2019 10:02,31,166430,4242,390,271
YVjqne44GIw,13-12-2019 11:11,147,2838218,49009,3221,1525
BTRPBiE_1lA,18-12-2019 13:30,197,66218569,596108,16674,8182
g_IHpBnpzr0,14-12-2019 05:30,228,18891047,162926,4833,2515
75JsfrRP28M,17-12-2019 11:30,177,25096142,126322,14842,2912
BCTbl7BXuug,16-12-2019 06:51,191,22082769,112448,18168,2154
P8jpij4d3SE,13-12-2019 09:31,215,716927,18923,576,575
tvHsiObv7Pg,13-12-2019 11:32,188,8471660,77142,8768,2707
Z-fBFSUoWPk,11-12-2019 13:30,3179,2412296,26121,2195,676
A6W3ZISnQ08,11-12-2019 05:30,181,459542,9537,603,773
tBRJlMt-1Yo,11-12-2019 06:33,20,229680,4366,356,251
g-RFGXhHBCA,11-12-2019 10:31,146,1560730,43011,1195,2001
4YOa-6QF3HI,12-12-2019 06:30,201,47712555,265676,17742,10256
q2xdNa2UojA,11-12-2019 09:01,16,402397,13478,538,553
Rt7XavCUGLQ,10-12-2019 11:01,94,2927895,103468,6815,2863
wO4tfX9FDeQ,11-12-2019 09:30,257,99300,1398,270,167
xLUCo7lhnxE,10-12-2019 13:39,219,3164850,24516,1618,507
rtZAdnL4Ua4,09-12-2019 11:30,59,50222,863,83,107
xTr7EdrMk5M,09-12-2019 09:30,16,430066,14937,543,698
snvQlKJ7Zzg,10-12-2019 05:30,199,2802883,64694,2882,3182
sUMdUQfxt7E,09-12-2019 05:30,281,1532224,23583,2069,1134
9J0c3egOHVM,09-12-2019 13:00,202,149889,1509,259,137
yzcgYH4PY8M,09-12-2019 10:18,195,297328,7053,888,432
G5naMPZkIBQ,09-12-2019 10:30,188,17166905,29422,5686,821
FIHSDOq3JGM,10-12-2019 13:20,206,267402,5935,430,461
7qrKqYT_zXw,09-12-2019 12:30,324,70731,2609,154,223
xmuo2KYvegY,10-12-2019 13:19,229,391505,9122,586,638
pdhBJb2-XWY,10-12-2019 14:00,220,232382,2594,640,316
kwd259VeQzc,13-12-2019 12:48,287,148825,2265,157,159
N4U9Z6zVkUE,09-12-2019 13:43,249,229482,3608,272,190
90JM0bb3bt8,09-12-2019 13:43,202,697903,9325,596,546
SagVqnUn_Qo,02-01-2020 12:34,212,170732,2463,458,399
2E4h4KuULag,07-12-2019 13:21,265,283180,6386,1181,852
Y0hVvc3q9H4,07-12-2019 11:30,211,363017,3707,729,321
b9R9CDysb0Y,06-12-2019 09:04,31,229624,5617,556,350
lhp4yTJ8G9o,06-12-2019 10:31,111,14211612,208958,15420,9496
r2X8cdAlvcM,05-12-2019 11:04,245,74598,1601,158,168
eaq-y4r_a5k,05-12-2019 11:37,16,57648,1046,102,129
8JDLJ3J7eLw,06-12-2019 08:01,239,614544,20509,601,536
MG1Ze3OLugM,05-12-2019 06:31,202,4663807,42651,3961,1259
9PFM4pvbADw,05-12-2019 09:32,132,2844503,85515,2011,3194
rI1ZaMRVJlE,07-12-2019 08:30,163,243277,6091,596,563
BN0bQ6DXD4g,07-12-2019 10:36,240,2040197,38914,1307,1073
yshTUk0sSpw,10-12-2019 08:30,173,66153,1236,199,196
WQ2rC2m6vsk,06-12-2019 04:30,80,3645164,54485,1630,812
_OWnl5hlDi8,06-12-2019 06:30,250,8464855,98635,4074,2897
SBVF1oZvIik,07-12-2019 06:26,215,3840459,34500,2506,1375
SSt32t0tX_8,07-12-2019 10:40,81,1866965,31274,1405,1001
Yvh7iUfCIB0,05-12-2019 13:31,49,474311,10906,357,178
sRaD_vPyqAg,04-12-2019 09:30,267,3741028,75728,2615,2052
sBODiBrLet0,05-12-2019 13:33,168,9337996,74651,4847,1681
qG_iiNQr7cg,02-12-2019 16:25,136,11616147,180577,4444,4658
dF0rAahw8zE,03-12-2019 05:30,155,48345147,348112,32656,13874
7OI7G4d8X28,02-12-2019 11:00,174,8146819,174106,12497,15343
_DGROK3G7jI,05-12-2019 05:31,286,5378255,53451,1345,1096
UFvBt1t38pE,02-12-2019 08:15,15,1202607,32157,1270,983
ldAgG1M4qZg,30-11-2019 16:00,151,53303231,646555,78145,41063
Sppp2q-aN6g,05-12-2019 10:02,247,208195,3013,166,190
_jF9EDV42_Y,05-12-2019 13:13,147,134839,2512,232,213
aib8ZU0BGFA,29-11-2019 13:10,880,207948,2473,270,208
PpM97Zqpb0U,29-11-2019 13:10,183,70524,850,141,94
vFzA3U47zoE,29-11-2019 13:10,182,128068,1158,163,85
UfkWqJCFgLM,29-11-2019 13:10,170,86976,712,139,69
IzrKxTKas1U,29-11-2019 13:11,170,165298,866,210,83
43OkRqN86WQ,02-12-2019 05:43,334,4176488,96311,2080,2259
8yqZy1izVvQ,04-12-2019 06:30,199,150923,2891,238,252
y_VEufueQkA,04-12-2019 06:07,317,997718,18099,493,522
wggp8klcCS4,03-12-2019 14:30,210,1140333,22004,944,1012
i1y019kjzTg,04-12-2019 06:30,279,155948,2950,302,264
uKNudmqP834,29-11-2019 11:42,61,148559,2680,145,145
Y1_CbKSnJPs,29-11-2019 09:01,31,403217,11938,508,433
eDjiMyXvOng,02-12-2019 10:30,196,2658055,20653,1038,422
O6Gbud_Hn8o,29-11-2019 13:30,165,1088226,12082,1246,677
MVrsaCiSn8Y,02-12-2019 10:02,175,110467,1875,200,208
uTqBoUFbMVs,03-12-2019 04:30,259,33347749,246764,13878,4092
IuvVVWOsMBo,29-11-2019 05:38,202,64726169,243517,32557,4517
umCJHy9Wc10,28-11-2019 10:46,18,2105305,65520,3434,2563
h06SrjQ_7xw,29-11-2019 10:00,21,254604,5222,151,132
kfXBrEupxTo,02-12-2019 06:30,31,852390,18468,700,507
KHARyHcM2mY,27-11-2019 13:58,170,1368046,40871,516,895
kg6O5zzXK1o,27-11-2019 14:02,72,188877,6304,432,532
fYKFpdgQxDA,27-11-2019 13:55,248,854642,9897,508,470
9J2zmKw60TI,27-11-2019 13:51,216,195019,2611,196,207
QdSruzbz2Gw,27-11-2019 13:45,82,852925,24509,297,561
NzlnW6VMjLE,27-11-2019 13:40,304,2757919,53305,1907,3801
qk7cybeLS_c,27-11-2019 13:37,2403,789878,7189,420,399
BAN7AkDGzr0,29-11-2019 08:30,207,436044,3754,399,228
L4NsaOUDKZc,29-11-2019 09:30,256,239598,4342,139,169
ctasHugTGeY,28-11-2019 13:30,188,6747790,56372,3662,1672
BBRwua3smP4,27-11-2019 13:00,206,2799027,24988,1367,474
n7LxxyqnCDY,28-11-2019 10:30,179,4979863,24183,3856,640
QVzzgu5SZmA,28-11-2019 07:00,222,38683594,168562,29716,2939
t9vmSHRwfuo,29-11-2019 10:30,277,1972715,40750,842,763
4yum1sGG86s,27-11-2019 07:02,149,26372468,485804,40714,21485
smBp3ZZdNYM,27-11-2019 09:30,152,24850019,371978,15466,6820
T-aRFpMgzpU,26-11-2019 15:44,22,658833,18295,987,779
mPzKZhHupwI,26-11-2019 15:03,49,170136,3893,246,297
6-vpU9MOYGE,28-11-2019 05:31,106,8732690,27015,4144,968
UMP4nqBtIFQ,26-11-2019 09:31,81,1224737,25733,1060,1108
3kJVlOB3IJw,26-11-2019 03:38,21,2340260,83177,1994,3164
MUDm2rkAZ5Q,25-11-2019 11:46,167,3570597,95593,4622,1851
pPXFDucIuP4,26-11-2019 07:30,210,37359,651,61,106
JNAkKS7-mE8,26-11-2019 08:30,280,37375,507,59,81
AM18S_U6UH0,27-11-2019 12:15,271,906380,17372,397,445
XE4w4G515H4,25-11-2019 11:00,61,170943,4813,140,184
e0j_YW5QnoQ,26-11-2019 06:53,149,123611003,358183,161768,3893
xSUjwidQNik,27-11-2019 05:30,214,37991802,682335,31352,43933
Ff5tOd2WHB0,23-11-2019 09:45,93,6892795,94051,19491,8909
tb_kuK78t1k,30-11-2019 04:32,334,20618608,596350,25957,18231
v4-MP6DETd0,26-11-2019 10:00,247,2705113,29268,1859,935
8eyXmiJbdss,27-11-2019 11:30,228,668999,9879,687,590
7cWOW9he1F0,25-11-2019 11:30,21,311751,7068,242,161
Td3F5GcMiy4,25-11-2019 05:34,293,1817829,25956,1561,829
EoAgqRY6YB0,24-11-2019 14:30,31,539166,10258,462,344
X-xB-kYdicM,24-11-2019 13:30,31,801554,19047,614,600
8GprIiEbeZE,25-11-2019 10:24,171,658782,9102,667,530
z-8gE6TSeDg,25-11-2019 12:00,178,218006,2580,378,329
_bHDUATHWRo,25-11-2019 10:00,217,49528895,285741,19117,7971
7lfFZs50JHM,27-11-2019 12:30,270,121758457,503478,45019,15821
ze9HDFjt0z4,21-11-2019 13:59,299,476414,7472,580,411
jt0AFWl0CIE,21-11-2019 13:54,191,144276,2024,258,160
bsoz_u5g0T8,21-11-2019 13:53,1063,64388,725,124,99
k7MxjHLFBFU,22-11-2019 06:30,116,28345499,307876,64559,20933
69vsWVJGBUI,21-11-2019 14:30,31,1074875,20748,850,510
RYfivv4vlhU,21-11-2019 13:30,21,465061,10389,392,181
YFw5EcUfwnI,21-11-2019 13:00,166,501630,8097,375,213
s640zMahn-0,21-11-2019 10:31,248,107663,2187,145,261
oTYb7dzYQQk,26-11-2019 11:30,167,12651729,70376,5053,1401
WbyI5OPOp3w,24-11-2019 10:35,168,844122,12614,2345,861
RemShT6JAHw,24-11-2019 07:36,235,102466146,699125,40608,25354
5ReSY2r6jG0,21-11-2019 09:36,166,32942,780,176,94
4v22tVZD7mk,21-11-2019 10:30,100,1897978,17418,2867,669
vGPcosO4o8U,25-11-2019 09:30,209,219052,5168,360,488
9pAnZlztYvI,21-11-2019 08:30,226,318819,3335,282,244
sQe5ef5lV74,29-11-2019 13:24,177,102679,1005,197,103
mfH-ko_Q3MY,26-11-2019 10:28,252,520715,8094,263,329
P6hrd4kC3es,21-11-2019 12:16,144,7591058,138499,2222,3674
ljZzj-r-mxk,20-11-2019 12:30,169,368329,12440,422,676
hHGrP_hWcaE,21-11-2019 12:30,210,3739005,34115,1718,554
RDJX6q2KRvw,28-11-2019 09:00,223,353125,7644,693,391
dXbGrV91xKY,21-11-2019 07:33,243,495417,7390,469,311
bB8JxN56c0E,20-11-2019 14:30,197,25764610,178167,12607,3021
cSNZbZ29Fqg,21-11-2019 04:30,197,13178793,73587,7131,1447
3GLoGHbhKHg,20-11-2019 10:31,159,102522106,893631,147957,40064
5ZIGFLX_kyA,19-11-2019 06:35,30,326852,8241,326,377
0aibsdAKqhw,19-11-2019 12:33,30,490267,10606,677,447
p5FPyLpWnto,20-11-2019 05:01,30,177980,3890,229,241
cffAGIYTEHU,19-11-2019 08:17,202,71370398,1232209,70456,86762
yuxHEmL0eE0,18-11-2019 12:30,31,120494,2754,173,120
7mxCef55oPU,18-11-2019 13:30,30,152578,3460,192,142
oJPVkeJFw_U,18-11-2019 14:30,30,181443,3583,325,232
bN5Xk5EcugQ,18-11-2019 10:00,139,275923,6381,384,431
SB3vtDw5LX0,18-11-2019 11:36,11,1059241,30693,833,1091
XrPTUIZ-e-g,17-11-2019 04:30,13,1247919,31662,841,1235
OVzyT9pdrq4,18-11-2019 06:32,144,9145151,150171,3425,3913
eN6AYHAT8UM,16-11-2019 12:15,420,260325878,2579142,311871,104673
mpW3mkoMaYs,17-11-2019 06:08,177,258026,11077,529,831
kDc2JlG8HrA,17-11-2019 09:30,319,10352603,72598,4732,1917
hebbqxTe4gs,16-11-2019 07:15,13,758122,16421,669,687
RuDQHtnIzHU,18-11-2019 05:40,263,20546491,325016,12531,4978
bQIyVS6SDnY,16-11-2019 08:30,61,311002,6500,502,388
TRzbBwUNzHc,15-11-2019 09:08,31,648233,23346,621,371
oR0gy47EP9M,16-11-2019 04:30,208,547281,16204,630,656
0H1CPBUaKSI,15-11-2019 09:30,292,12022258,88375,4465,2292
z1_UgEwf7Ms,17-11-2019 12:30,193,184163,2732,478,387
cJseUPztX_M,15-11-2019 06:43,13,1120750,25747,1092,1088
JIRcUnJiOzM,15-11-2019 08:30,176,1850026,12074,1301,674
vyCxeMvYEPs,15-11-2019 10:30,137,5974820,101161,5571,2421
JAnc-WZe-Tc,15-11-2019 04:31,121,4043995,76111,3875,1928
CDJfnJsXKIw,16-11-2019 05:30,274,526395,5491,270,342
yWPSfdYHO48,28-11-2019 09:30,191,246071,4785,302,255
#NAME?,15-11-2019 14:00,171,828912,24867,1535,1264
OtdMVo9sNg8,14-11-2019 14:00,188,5940479,61599,5719,1916
19HxDTQyAQg,15-11-2019 12:30,178,88886,1449,162,122
Rap-K6Ib9po,21-11-2019 10:00,208,147760,3697,232,290
fTlzZfvq_SE,14-11-2019 08:30,116,28255705,341085,43361,20060
bKH6McOaOEw,13-11-2019 11:00,1674,1138430,22680,1221,1365
IKq1tnNkEOE,13-11-2019 13:45,38,108070,2050,372,299
O3uC0zjLSo0,13-11-2019 07:15,352,4835128,86747,4062,5203
y-8JsjAbKH0,13-11-2019 06:00,148,1778684,34843,1051,1070
nzlt_Sda0cM,12-11-2019 13:48,327,209612,4139,360,306
KHl8mVCr4e0,12-11-2019 11:31,296,17490768,260125,11388,17690
yKIK45eELpc,12-11-2019 12:32,180,11394369,177223,12105,4578
O0Zx9Lh3sX8,26-11-2019 11:27,262,37791,792,93,89
7J0DAG0RmSQ,29-11-2019 12:00,308,177170,2182,225,148
12uL0q4H4uo,15-11-2019 09:30,289,48134,1044,96,90
iPLm9Xjn4xo,12-11-2019 07:06,126,804006,9438,1764,366
889Eg3d3Bys,11-11-2019 11:55,247,12049524,234685,19189,13571
V_tG1OSJUsQ,11-11-2019 06:30,146,53958009,458191,34012,15238
zvdBjqTgukw,10-11-2019 09:30,48,3974754,71622,2157,1812
t7EqtrBa5KQ,10-11-2019 06:30,24,2204755,56030,2808,1613
XYpu-J6M7Io,09-11-2019 09:35,226,5141746,108333,10511,7057
D8KOVyUuxl8,11-11-2019 09:30,268,8297986,149320,5707,12903
nilBsjx_Jos,15-11-2019 05:30,139,974900,36964,1368,3877
TSup1GQyyWQ,08-11-2019 09:02,30,597572,20362,709,672
Rl9JexPOpXo,13-11-2019 13:30,197,251238,10746,528,698
OZN85mTo1S0,08-11-2019 09:30,192,1297758,23169,747,502
JoGXxEnPa1I,12-11-2019 08:30,21,406222,7119,338,309
vNG11p1S1KM,13-11-2019 11:30,21,153179,3990,231,218
ImVQxXgWOYU,10-11-2019 11:30,21,462558,10545,747,538
hmVc1dWD1o8,08-11-2019 13:43,31,467382,10912,705,374
DQthcDCy8MI,07-11-2019 12:07,21,278343,7342,224,247
Y4qFv1HlF1M,08-11-2019 05:31,122,11122260,166865,8316,4113
aXmypJSCWdo,07-11-2019 07:32,290,7157089,157399,10254,9210
3XupWGN91DQ,06-11-2019 13:30,163,294261,8668,420,434
60jjv_l9w1k,08-11-2019 12:30,275,106845,1707,266,202
NdjtwZ4GSl0,08-11-2019 07:31,197,76081614,234084,48439,4534
pFv5pyK7I5g,06-11-2019 16:53,310,183681,4404,183,207
XhzN7hEhVUA,06-11-2019 16:52,179,60591,1718,91,161
jffyNtqm0ms,06-11-2019 16:53,226,87701,936,119,81
pt-p_eJ9M7U,06-11-2019 16:54,191,130716,1610,343,228
VXKpHhUtoyY,06-11-2019 14:00,37,229972,4665,559,213
_lnHnCaa8ow,06-11-2019 06:45,904,46652,824,88,133
4s2mSWiraSg,06-11-2019 09:30,138,32838547,488307,16321,11956
a9fGonbPW5g,06-11-2019 08:28,219,2701595,31851,1326,1227
JWovdakW2JM,10-11-2019 09:06,792,2480681,30177,1874,1490
qVh9lFhL6ak,05-11-2019 05:32,151,958781,40496,1155,1715
j7XIzMW-Fy0,07-11-2019 11:00,320,222179,5070,349,396
PxQnMvZeeXg,07-11-2019 12:30,233,959922,12222,600,418
7U8aFju2RM4,05-11-2019 12:43,188,8888308,61272,4194,1317
HXmkixWP_vc,04-11-2019 14:15,60,2754937,1832,227,798
mg6ptEOUHXc,08-11-2019 11:06,171,1301730,20562,1410,676
JqcdiwsRYmc,05-11-2019 07:43,16,221823,6247,270,373
U3vqAgJujow,06-11-2019 06:30,216,2213260,83843,1139,1351
L7a1JSeqaXk,04-11-2019 07:13,164,52632805,875615,42900,27771
TEQD2kcQqO0,04-11-2019 03:34,264,7382166,98578,3851,2398
f_23YWXOuos,03-11-2019 09:30,176,598969,7113,847,637
J2kT1IZCiJ0,03-11-2019 08:00,245,235969,4563,461,322
G1t_68wO9go,02-11-2019 14:10,338,333715,7391,483,449
K1aJHjcN_II,02-11-2019 10:46,179,15370252,82798,11884,1880
CipN0PXnAZQ,03-11-2019 06:30,177,8917545,40880,6471,1101
c1pusVyxqc8,04-11-2019 11:30,227,20739486,79369,16159,1259
wr7zCvfz7UY,05-11-2019 08:36,166,21379926,143076,18379,2398
mz272Oqidm8,02-11-2019 06:30,126,31907282,434266,63544,23707
2ApzwaBq84M,01-11-2019 15:45,31,239308,6387,568,531
RTm6kJCxvyc,02-11-2019 12:04,21,290680,8227,521,331
8VfqYTSZQPI,01-11-2019 11:00,31,140918,4527,294,208
PqQfTFd8QDQ,05-11-2019 09:40,174,72600,1499,98,105
AjFDhqh3mso,04-11-2019 13:30,176,73250,1266,131,138
GfhiB1upCVA,04-11-2019 12:46,31,471671,9679,324,247
O-CL11xiMCs,05-11-2019 10:58,31,397877,13967,444,568
bupGi_AhvZI,04-11-2019 10:31,16,3220604,22967,1068,454
PU2F9aFAeCY,01-11-2019 08:34,210,155467,4484,174,286
u0IY0gy5xJ0,05-11-2019 10:30,183,1095919,9160,750,370
kedjsuW01wo,08-11-2019 11:34,381,71533,1804,164,132
6yDXjFIydGk,05-11-2019 10:11,275,45002,1167,73,83
OpqbtG-dnqQ,01-11-2019 07:30,123,9301081,195087,5869,5896
F4IGxPpOjmI,01-11-2019 06:35,944,180894,3069,398,373
Yfh-gBFnlkQ,31-10-2019 12:46,189,4748965,90148,2463,3049
EH8WCxxZNjs,31-10-2019 11:03,65,266606,6680,533,588
qqai1KASQ8Q,01-11-2019 10:52,303,61860,942,118,110
vNGl8JLowaI,01-11-2019 10:04,162,381206,9795,597,566
A0h-HpZqTDo,15-11-2019 12:49,179,293883,2766,326,257
w6m2VYKNWOU,31-10-2019 09:33,265,14124159,285921,21013,15498
#NAME?,31-10-2019 14:04,257,68853,772,119,76
Wv7c6KD6fXQ,31-10-2019 14:04,174,71888,689,292,256
Vi7MSEyte6g,31-10-2019 14:04,112,51865,504,96,66
sTxztkEsbGk,31-10-2019 11:33,953,43944,568,107,133
_C_PuYB3-_A,30-10-2019 07:31,165,1661009,37013,1287,1381
AJyIqxp9yqM,26-10-2019 07:31,131,22536581,265513,31288,7310
hsQd0Gl5LHU,29-10-2019 08:38,141,4335312,93882,2774,2007
fL8uu1IfBME,27-10-2019 08:30,16,245793,3706,476,337
kwrsa1_jQjc,25-10-2019 12:33,222,201388,2833,399,172
uUUTz_s1TcA,25-10-2019 12:36,258,3409641,17674,3286,617
703uwnGTBVg,28-10-2019 09:28,294,8141820,44837,4956,1227
HtvwcJLqxE0,28-10-2019 10:37,238,47677129,310751,16413,9805
N9pdMA367c8,25-10-2019 10:34,149,474045,12016,767,573
z-7Qm3Djs6s,24-10-2019 09:48,143,40179778,488884,43912,16552
63tN31yRgTQ,31-10-2019 04:38,192,1121082,18818,978,596
T85_YFJ7KAc,01-11-2019 09:30,206,38554,672,88,112
DZt6tM7prJk,25-10-2019 10:00,313,115026,2419,272,216
fwZsmVYamzo,04-11-2019 11:00,187,1803754,41025,2219,1074
uuH12X6brhY,30-10-2019 08:30,230,359087,8495,524,642
PC2nI5qzYv4,29-10-2019 11:32,263,896056,14905,1035,731
fOYuWVIXgiM,24-10-2019 05:34,227,63607524,505330,29647,16940
cgV_cU8pqr0,28-10-2019 05:30,163,545523,10383,1440,904
sVI159bbUyI,23-10-2019 12:30,191,1127651,13459,1112,742
haA---vk7fc,23-10-2019 10:59,275,287072,2869,306,220
5RfNzehp7Go,23-10-2019 10:58,153,900848,13268,1159,610
IN-ldPuDez0,25-10-2019 08:14,209,250566,6442,344,366
kfgruUraus0,25-10-2019 08:16,229,631331,8718,548,298
6bXPxehwpxw,25-10-2019 08:16,196,150588,2786,227,115
2hpyEqzpjQo,25-10-2019 08:16,206,251519,4350,260,213
ZNySp9hdD7g,25-10-2019 08:16,169,135288,4672,150,202
TIiuOekKUrE,23-10-2019 10:32,1059,464963,3356,323,239
TL-vPlc9Fk0,23-10-2019 07:30,59,3574842,1948,98,136
spIGUN1lDO0,23-10-2019 10:59,239,229031,3235,243,193
G1D0n68lOS8,23-10-2019 08:30,243,135862,1874,128,146
tDHQPHCLd6c,23-10-2019 09:30,278,45847,525,98,83
B88D1SGN0Ig,23-10-2019 10:15,168,80220,898,136,100
frTgD-MC5pI,25-10-2019 05:30,153,2943938,39888,2534,1266
UHS1nCK3Smc,22-10-2019 10:36,23,581443,15215,1074,623
